<?xml version="1.0" encoding="UTF-8" ?>
<maxml version="2.0" xmlns="http://www.nj.fiberhome.com.cn/map"
	xmlns:xsi="http://www.w3.org/2001/XMLSchema-instance"
	xsi:schemaLocation="http://www.nj.fiberhome.com.cn/map maxml-2.0.xsd">
	<config>
		<htmlformat wellformat="true" />
		<filepreviewconfig wordtohtml="false" />
	</config>

	<services>
		<http-filter name="newslist" file="newslist.jsp">
			<url-pattern>/newslist</url-pattern>
		</http-filter>
		<http-filter name="power" file="power.jsp">
			<url-pattern>/power</url-pattern>
		</http-filter>
		<http-service-ext extfile="testapi.ac" />
	</services>
</maxml>